{"stats":{"minecraft:used":{"minecraft:netherite_sword":44,"minecraft:dirt":1,"minecraft:mutton":5,"minecraft:flint_and_steel":1,"minecraft:spawner":1,"minecraft:lingering_potion":17,"minecraft:allay_spawn_egg":2,"minecraft:obsidian":15},"minecraft:mined":{"minecraft:grass":5,"minecraft:grass_block":2,"minecraft:sunflower":17},"minecraft:killed":{"minecraft:sheep":12,"minecraft:horse":2,"minecraft:pig":4},"minecraft:dropped":{"minecraft:gray_wool":1},"minecraft:custom":{"minecraft:time_since_rest":16907,"minecraft:crouch_one_cm":2,"minecraft:sprint_one_cm":32620,"minecraft:play_time":16907,"minecraft:damage_taken":10,"minecraft:walk_one_cm":16175,"minecraft:sneak_time":75,"minecraft:mob_kills":18,"minecraft:drop":1,"minecraft:jump":367,"minecraft:damage_dealt":2000,"minecraft:leave_game":1,"minecraft:time_since_death":16907,"minecraft:total_world_time":16907,"minecraft:fall_one_cm":11938,"minecraft:fly_one_cm":185188},"minecraft:picked_up":{"minecraft:leather":2,"minecraft:porkchop":8,"minecraft:gray_wool":3,"minecraft:light_gray_wool":1,"minecraft:mutton":16,"minecraft:dirt":2,"minecraft:white_wool":9,"minecraft:sunflower":10}},"DataVersion":3465}